campaign_id,campaign_name,platform,source,medium,channel_group,landing_page,is_paid,registry_valid,campaign_order
meta_prospecting_founder,meta_prospecting_founder,meta,meta,paid_social,Paid social,/growth-guide,True,True,1
google_nonbrand_growth,google_nonbrand_growth,google,google,paid_search,Paid search,/growth-guide,True,True,2
linkedin_ceo_abm,linkedin_ceo_abm,linkedin,linkedin,paid_social,Paid social,/executive,True,True,3
FB-Broad,fb_broad,meta,FB,paid_social,Paid social,/growth-guide,True,False,4
meta_retargeting_webinar,meta_retargeting_webinar,meta,meta,paid_social,Paid social,/webinar,True,True,5
google_brand_search,google_brand_search,google,google,paid_search,Paid search,/apply,True,True,6
meta_broad_v17,meta_broad_v17,meta,meta,paid_social,Paid social,/growth-guide,True,True,7
direct,direct,direct,direct,none,Direct,/,False,True,8
newsletter_weekly,newsletter_weekly,email,newsletter,owned_email,Owned email,/growth-guide,False,True,9
partner_podcast,partner_podcast,partner,partner,referral,Partner,/apply,False,True,10
webinar_growth_os,webinar_growth_os,zoom,webinar,event,Webinar,/webinar,False,True,11
youtube_founder_guide,youtube_founder_guide,youtube,youtube,organic_video,Organic video,/growth-guide,False,True,12
(unattributed),(unattributed),none,none,none,Unattributed,,False,False,99
