date,year,quarter_label,month_start,month_label,month_index,week_start,week_index,day_name,day_of_week,days_before_as_of,is_last_28_days,is_prior_28_days
2025-07-01,2025,Q3 2025,2025-07-01,Jul 2025,0,2025-06-30,0,Tue,2,451,False,False
2025-07-02,2025,Q3 2025,2025-07-01,Jul 2025,0,2025-06-30,0,Wed,3,450,False,False
2025-07-03,2025,Q3 2025,2025-07-01,Jul 2025,0,2025-06-30,0,Thu,4,449,False,False
2025-07-04,2025,Q3 2025,2025-07-01,Jul 2025,0,2025-06-30,0,Fri,5,448,False,False
2025-07-05,2025,Q3 2025,2025-07-01,Jul 2025,0,2025-06-30,0,Sat,6,447,False,False
2025-07-06,2025,Q3 2025,2025-07-01,Jul 2025,0,2025-06-30,0,Sun,7,446,False,False
2025-07-07,2025,Q3 2025,2025-07-01,Jul 2025,0,2025-07-07,1,Mon,1,445,False,False
2025-07-08,2025,Q3 2025,2025-07-01,Jul 2025,0,2025-07-07,1,Tue,2,444,False,False
2025-07-09,2025,Q3 2025,2025-07-01,Jul 2025,0,2025-07-07,1,Wed,3,443,False,False
2025-07-10,2025,Q3 2025,2025-07-01,Jul 2025,0,2025-07-07,1,Thu,4,442,False,False
2025-07-11,2025,Q3 2025,2025-07-01,Jul 2025,0,2025-07-07,1,Fri,5,441,False,False
2025-07-12,2025,Q3 2025,2025-07-01,Jul 2025,0,2025-07-07,1,Sat,6,440,False,False
2025-07-13,2025,Q3 2025,2025-07-01,Jul 2025,0,2025-07-07,1,Sun,7,439,False,False
2025-07-14,2025,Q3 2025,2025-07-01,Jul 2025,0,2025-07-14,2,Mon,1,438,False,False
2025-07-15,2025,Q3 2025,2025-07-01,Jul 2025,0,2025-07-14,2,Tue,2,437,False,False
2025-07-16,2025,Q3 2025,2025-07-01,Jul 2025,0,2025-07-14,2,Wed,3,436,False,False
2025-07-17,2025,Q3 2025,2025-07-01,Jul 2025,0,2025-07-14,2,Thu,4,435,False,False
2025-07-18,2025,Q3 2025,2025-07-01,Jul 2025,0,2025-07-14,2,Fri,5,434,False,False
2025-07-19,2025,Q3 2025,2025-07-01,Jul 2025,0,2025-07-14,2,Sat,6,433,False,False
2025-07-20,2025,Q3 2025,2025-07-01,Jul 2025,0,2025-07-14,2,Sun,7,432,False,False
2025-07-21,2025,Q3 2025,2025-07-01,Jul 2025,0,2025-07-21,3,Mon,1,431,False,False
2025-07-22,2025,Q3 2025,2025-07-01,Jul 2025,0,2025-07-21,3,Tue,2,430,False,False
2025-07-23,2025,Q3 2025,2025-07-01,Jul 2025,0,2025-07-21,3,Wed,3,429,False,False
2025-07-24,2025,Q3 2025,2025-07-01,Jul 2025,0,2025-07-21,3,Thu,4,428,False,False
2025-07-25,2025,Q3 2025,2025-07-01,Jul 2025,0,2025-07-21,3,Fri,5,427,False,False
2025-07-26,2025,Q3 2025,2025-07-01,Jul 2025,0,2025-07-21,3,Sat,6,426,False,False
2025-07-27,2025,Q3 2025,2025-07-01,Jul 2025,0,2025-07-21,3,Sun,7,425,False,False
2025-07-28,2025,Q3 2025,2025-07-01,Jul 2025,0,2025-07-28,4,Mon,1,424,False,False
2025-07-29,2025,Q3 2025,2025-07-01,Jul 2025,0,2025-07-28,4,Tue,2,423,False,False
2025-07-30,2025,Q3 2025,2025-07-01,Jul 2025,0,2025-07-28,4,Wed,3,422,False,False
2025-07-31,2025,Q3 2025,2025-07-01,Jul 2025,0,2025-07-28,4,Thu,4,421,False,False
2025-08-01,2025,Q3 2025,2025-08-01,Aug 2025,1,2025-07-28,4,Fri,5,420,False,False
2025-08-02,2025,Q3 2025,2025-08-01,Aug 2025,1,2025-07-28,4,Sat,6,419,False,False
2025-08-03,2025,Q3 2025,2025-08-01,Aug 2025,1,2025-07-28,4,Sun,7,418,False,False
2025-08-04,2025,Q3 2025,2025-08-01,Aug 2025,1,2025-08-04,5,Mon,1,417,False,False
2025-08-05,2025,Q3 2025,2025-08-01,Aug 2025,1,2025-08-04,5,Tue,2,416,False,False
2025-08-06,2025,Q3 2025,2025-08-01,Aug 2025,1,2025-08-04,5,Wed,3,415,False,False
2025-08-07,2025,Q3 2025,2025-08-01,Aug 2025,1,2025-08-04,5,Thu,4,414,False,False
2025-08-08,2025,Q3 2025,2025-08-01,Aug 2025,1,2025-08-04,5,Fri,5,413,False,False
2025-08-09,2025,Q3 2025,2025-08-01,Aug 2025,1,2025-08-04,5,Sat,6,412,False,False
2025-08-10,2025,Q3 2025,2025-08-01,Aug 2025,1,2025-08-04,5,Sun,7,411,False,False
2025-08-11,2025,Q3 2025,2025-08-01,Aug 2025,1,2025-08-11,6,Mon,1,410,False,False
2025-08-12,2025,Q3 2025,2025-08-01,Aug 2025,1,2025-08-11,6,Tue,2,409,False,False
2025-08-13,2025,Q3 2025,2025-08-01,Aug 2025,1,2025-08-11,6,Wed,3,408,False,False
2025-08-14,2025,Q3 2025,2025-08-01,Aug 2025,1,2025-08-11,6,Thu,4,407,False,False
2025-08-15,2025,Q3 2025,2025-08-01,Aug 2025,1,2025-08-11,6,Fri,5,406,False,False
2025-08-16,2025,Q3 2025,2025-08-01,Aug 2025,1,2025-08-11,6,Sat,6,405,False,False
2025-08-17,2025,Q3 2025,2025-08-01,Aug 2025,1,2025-08-11,6,Sun,7,404,False,False
2025-08-18,2025,Q3 2025,2025-08-01,Aug 2025,1,2025-08-18,7,Mon,1,403,False,False
2025-08-19,2025,Q3 2025,2025-08-01,Aug 2025,1,2025-08-18,7,Tue,2,402,False,False
2025-08-20,2025,Q3 2025,2025-08-01,Aug 2025,1,2025-08-18,7,Wed,3,401,False,False
2025-08-21,2025,Q3 2025,2025-08-01,Aug 2025,1,2025-08-18,7,Thu,4,400,False,False
2025-08-22,2025,Q3 2025,2025-08-01,Aug 2025,1,2025-08-18,7,Fri,5,399,False,False
2025-08-23,2025,Q3 2025,2025-08-01,Aug 2025,1,2025-08-18,7,Sat,6,398,False,False
2025-08-24,2025,Q3 2025,2025-08-01,Aug 2025,1,2025-08-18,7,Sun,7,397,False,False
2025-08-25,2025,Q3 2025,2025-08-01,Aug 2025,1,2025-08-25,8,Mon,1,396,False,False
2025-08-26,2025,Q3 2025,2025-08-01,Aug 2025,1,2025-08-25,8,Tue,2,395,False,False
2025-08-27,2025,Q3 2025,2025-08-01,Aug 2025,1,2025-08-25,8,Wed,3,394,False,False
2025-08-28,2025,Q3 2025,2025-08-01,Aug 2025,1,2025-08-25,8,Thu,4,393,False,False
2025-08-29,2025,Q3 2025,2025-08-01,Aug 2025,1,2025-08-25,8,Fri,5,392,False,False
2025-08-30,2025,Q3 2025,2025-08-01,Aug 2025,1,2025-08-25,8,Sat,6,391,False,False
2025-08-31,2025,Q3 2025,2025-08-01,Aug 2025,1,2025-08-25,8,Sun,7,390,False,False
2025-09-01,2025,Q3 2025,2025-09-01,Sep 2025,2,2025-09-01,9,Mon,1,389,False,False
2025-09-02,2025,Q3 2025,2025-09-01,Sep 2025,2,2025-09-01,9,Tue,2,388,False,False
2025-09-03,2025,Q3 2025,2025-09-01,Sep 2025,2,2025-09-01,9,Wed,3,387,False,False
2025-09-04,2025,Q3 2025,2025-09-01,Sep 2025,2,2025-09-01,9,Thu,4,386,False,False
2025-09-05,2025,Q3 2025,2025-09-01,Sep 2025,2,2025-09-01,9,Fri,5,385,False,False
2025-09-06,2025,Q3 2025,2025-09-01,Sep 2025,2,2025-09-01,9,Sat,6,384,False,False
2025-09-07,2025,Q3 2025,2025-09-01,Sep 2025,2,2025-09-01,9,Sun,7,383,False,False
2025-09-08,2025,Q3 2025,2025-09-01,Sep 2025,2,2025-09-08,10,Mon,1,382,False,False
2025-09-09,2025,Q3 2025,2025-09-01,Sep 2025,2,2025-09-08,10,Tue,2,381,False,False
2025-09-10,2025,Q3 2025,2025-09-01,Sep 2025,2,2025-09-08,10,Wed,3,380,False,False
2025-09-11,2025,Q3 2025,2025-09-01,Sep 2025,2,2025-09-08,10,Thu,4,379,False,False
2025-09-12,2025,Q3 2025,2025-09-01,Sep 2025,2,2025-09-08,10,Fri,5,378,False,False
2025-09-13,2025,Q3 2025,2025-09-01,Sep 2025,2,2025-09-08,10,Sat,6,377,False,False
2025-09-14,2025,Q3 2025,2025-09-01,Sep 2025,2,2025-09-08,10,Sun,7,376,False,False
2025-09-15,2025,Q3 2025,2025-09-01,Sep 2025,2,2025-09-15,11,Mon,1,375,False,False
2025-09-16,2025,Q3 2025,2025-09-01,Sep 2025,2,2025-09-15,11,Tue,2,374,False,False
2025-09-17,2025,Q3 2025,2025-09-01,Sep 2025,2,2025-09-15,11,Wed,3,373,False,False
2025-09-18,2025,Q3 2025,2025-09-01,Sep 2025,2,2025-09-15,11,Thu,4,372,False,False
2025-09-19,2025,Q3 2025,2025-09-01,Sep 2025,2,2025-09-15,11,Fri,5,371,False,False
2025-09-20,2025,Q3 2025,2025-09-01,Sep 2025,2,2025-09-15,11,Sat,6,370,False,False
2025-09-21,2025,Q3 2025,2025-09-01,Sep 2025,2,2025-09-15,11,Sun,7,369,False,False
2025-09-22,2025,Q3 2025,2025-09-01,Sep 2025,2,2025-09-22,12,Mon,1,368,False,False
2025-09-23,2025,Q3 2025,2025-09-01,Sep 2025,2,2025-09-22,12,Tue,2,367,False,False
2025-09-24,2025,Q3 2025,2025-09-01,Sep 2025,2,2025-09-22,12,Wed,3,366,False,False
2025-09-25,2025,Q3 2025,2025-09-01,Sep 2025,2,2025-09-22,12,Thu,4,365,False,False
2025-09-26,2025,Q3 2025,2025-09-01,Sep 2025,2,2025-09-22,12,Fri,5,364,False,False
2025-09-27,2025,Q3 2025,2025-09-01,Sep 2025,2,2025-09-22,12,Sat,6,363,False,False
2025-09-28,2025,Q3 2025,2025-09-01,Sep 2025,2,2025-09-22,12,Sun,7,362,False,False
2025-09-29,2025,Q3 2025,2025-09-01,Sep 2025,2,2025-09-29,13,Mon,1,361,False,False
2025-09-30,2025,Q3 2025,2025-09-01,Sep 2025,2,2025-09-29,13,Tue,2,360,False,False
2025-10-01,2025,Q4 2025,2025-10-01,Oct 2025,3,2025-09-29,13,Wed,3,359,False,False
2025-10-02,2025,Q4 2025,2025-10-01,Oct 2025,3,2025-09-29,13,Thu,4,358,False,False
2025-10-03,2025,Q4 2025,2025-10-01,Oct 2025,3,2025-09-29,13,Fri,5,357,False,False
2025-10-04,2025,Q4 2025,2025-10-01,Oct 2025,3,2025-09-29,13,Sat,6,356,False,False
2025-10-05,2025,Q4 2025,2025-10-01,Oct 2025,3,2025-09-29,13,Sun,7,355,False,False
2025-10-06,2025,Q4 2025,2025-10-01,Oct 2025,3,2025-10-06,14,Mon,1,354,False,False
2025-10-07,2025,Q4 2025,2025-10-01,Oct 2025,3,2025-10-06,14,Tue,2,353,False,False
2025-10-08,2025,Q4 2025,2025-10-01,Oct 2025,3,2025-10-06,14,Wed,3,352,False,False
2025-10-09,2025,Q4 2025,2025-10-01,Oct 2025,3,2025-10-06,14,Thu,4,351,False,False
2025-10-10,2025,Q4 2025,2025-10-01,Oct 2025,3,2025-10-06,14,Fri,5,350,False,False
2025-10-11,2025,Q4 2025,2025-10-01,Oct 2025,3,2025-10-06,14,Sat,6,349,False,False
2025-10-12,2025,Q4 2025,2025-10-01,Oct 2025,3,2025-10-06,14,Sun,7,348,False,False
2025-10-13,2025,Q4 2025,2025-10-01,Oct 2025,3,2025-10-13,15,Mon,1,347,False,False
2025-10-14,2025,Q4 2025,2025-10-01,Oct 2025,3,2025-10-13,15,Tue,2,346,False,False
2025-10-15,2025,Q4 2025,2025-10-01,Oct 2025,3,2025-10-13,15,Wed,3,345,False,False
2025-10-16,2025,Q4 2025,2025-10-01,Oct 2025,3,2025-10-13,15,Thu,4,344,False,False
2025-10-17,2025,Q4 2025,2025-10-01,Oct 2025,3,2025-10-13,15,Fri,5,343,False,False
2025-10-18,2025,Q4 2025,2025-10-01,Oct 2025,3,2025-10-13,15,Sat,6,342,False,False
2025-10-19,2025,Q4 2025,2025-10-01,Oct 2025,3,2025-10-13,15,Sun,7,341,False,False
2025-10-20,2025,Q4 2025,2025-10-01,Oct 2025,3,2025-10-20,16,Mon,1,340,False,False
2025-10-21,2025,Q4 2025,2025-10-01,Oct 2025,3,2025-10-20,16,Tue,2,339,False,False
2025-10-22,2025,Q4 2025,2025-10-01,Oct 2025,3,2025-10-20,16,Wed,3,338,False,False
2025-10-23,2025,Q4 2025,2025-10-01,Oct 2025,3,2025-10-20,16,Thu,4,337,False,False
2025-10-24,2025,Q4 2025,2025-10-01,Oct 2025,3,2025-10-20,16,Fri,5,336,False,False
2025-10-25,2025,Q4 2025,2025-10-01,Oct 2025,3,2025-10-20,16,Sat,6,335,False,False
2025-10-26,2025,Q4 2025,2025-10-01,Oct 2025,3,2025-10-20,16,Sun,7,334,False,False
2025-10-27,2025,Q4 2025,2025-10-01,Oct 2025,3,2025-10-27,17,Mon,1,333,False,False
2025-10-28,2025,Q4 2025,2025-10-01,Oct 2025,3,2025-10-27,17,Tue,2,332,False,False
2025-10-29,2025,Q4 2025,2025-10-01,Oct 2025,3,2025-10-27,17,Wed,3,331,False,False
2025-10-30,2025,Q4 2025,2025-10-01,Oct 2025,3,2025-10-27,17,Thu,4,330,False,False
2025-10-31,2025,Q4 2025,2025-10-01,Oct 2025,3,2025-10-27,17,Fri,5,329,False,False
2025-11-01,2025,Q4 2025,2025-11-01,Nov 2025,4,2025-10-27,17,Sat,6,328,False,False
2025-11-02,2025,Q4 2025,2025-11-01,Nov 2025,4,2025-10-27,17,Sun,7,327,False,False
2025-11-03,2025,Q4 2025,2025-11-01,Nov 2025,4,2025-11-03,18,Mon,1,326,False,False
2025-11-04,2025,Q4 2025,2025-11-01,Nov 2025,4,2025-11-03,18,Tue,2,325,False,False
2025-11-05,2025,Q4 2025,2025-11-01,Nov 2025,4,2025-11-03,18,Wed,3,324,False,False
2025-11-06,2025,Q4 2025,2025-11-01,Nov 2025,4,2025-11-03,18,Thu,4,323,False,False
2025-11-07,2025,Q4 2025,2025-11-01,Nov 2025,4,2025-11-03,18,Fri,5,322,False,False
2025-11-08,2025,Q4 2025,2025-11-01,Nov 2025,4,2025-11-03,18,Sat,6,321,False,False
2025-11-09,2025,Q4 2025,2025-11-01,Nov 2025,4,2025-11-03,18,Sun,7,320,False,False
2025-11-10,2025,Q4 2025,2025-11-01,Nov 2025,4,2025-11-10,19,Mon,1,319,False,False
2025-11-11,2025,Q4 2025,2025-11-01,Nov 2025,4,2025-11-10,19,Tue,2,318,False,False
2025-11-12,2025,Q4 2025,2025-11-01,Nov 2025,4,2025-11-10,19,Wed,3,317,False,False
2025-11-13,2025,Q4 2025,2025-11-01,Nov 2025,4,2025-11-10,19,Thu,4,316,False,False
2025-11-14,2025,Q4 2025,2025-11-01,Nov 2025,4,2025-11-10,19,Fri,5,315,False,False
2025-11-15,2025,Q4 2025,2025-11-01,Nov 2025,4,2025-11-10,19,Sat,6,314,False,False
2025-11-16,2025,Q4 2025,2025-11-01,Nov 2025,4,2025-11-10,19,Sun,7,313,False,False
2025-11-17,2025,Q4 2025,2025-11-01,Nov 2025,4,2025-11-17,20,Mon,1,312,False,False
2025-11-18,2025,Q4 2025,2025-11-01,Nov 2025,4,2025-11-17,20,Tue,2,311,False,False
2025-11-19,2025,Q4 2025,2025-11-01,Nov 2025,4,2025-11-17,20,Wed,3,310,False,False
2025-11-20,2025,Q4 2025,2025-11-01,Nov 2025,4,2025-11-17,20,Thu,4,309,False,False
2025-11-21,2025,Q4 2025,2025-11-01,Nov 2025,4,2025-11-17,20,Fri,5,308,False,False
2025-11-22,2025,Q4 2025,2025-11-01,Nov 2025,4,2025-11-17,20,Sat,6,307,False,False
2025-11-23,2025,Q4 2025,2025-11-01,Nov 2025,4,2025-11-17,20,Sun,7,306,False,False
2025-11-24,2025,Q4 2025,2025-11-01,Nov 2025,4,2025-11-24,21,Mon,1,305,False,False
2025-11-25,2025,Q4 2025,2025-11-01,Nov 2025,4,2025-11-24,21,Tue,2,304,False,False
2025-11-26,2025,Q4 2025,2025-11-01,Nov 2025,4,2025-11-24,21,Wed,3,303,False,False
2025-11-27,2025,Q4 2025,2025-11-01,Nov 2025,4,2025-11-24,21,Thu,4,302,False,False
2025-11-28,2025,Q4 2025,2025-11-01,Nov 2025,4,2025-11-24,21,Fri,5,301,False,False
2025-11-29,2025,Q4 2025,2025-11-01,Nov 2025,4,2025-11-24,21,Sat,6,300,False,False
2025-11-30,2025,Q4 2025,2025-11-01,Nov 2025,4,2025-11-24,21,Sun,7,299,False,False
2025-12-01,2025,Q4 2025,2025-12-01,Dec 2025,5,2025-12-01,22,Mon,1,298,False,False
2025-12-02,2025,Q4 2025,2025-12-01,Dec 2025,5,2025-12-01,22,Tue,2,297,False,False
2025-12-03,2025,Q4 2025,2025-12-01,Dec 2025,5,2025-12-01,22,Wed,3,296,False,False
2025-12-04,2025,Q4 2025,2025-12-01,Dec 2025,5,2025-12-01,22,Thu,4,295,False,False
2025-12-05,2025,Q4 2025,2025-12-01,Dec 2025,5,2025-12-01,22,Fri,5,294,False,False
2025-12-06,2025,Q4 2025,2025-12-01,Dec 2025,5,2025-12-01,22,Sat,6,293,False,False
2025-12-07,2025,Q4 2025,2025-12-01,Dec 2025,5,2025-12-01,22,Sun,7,292,False,False
2025-12-08,2025,Q4 2025,2025-12-01,Dec 2025,5,2025-12-08,23,Mon,1,291,False,False
2025-12-09,2025,Q4 2025,2025-12-01,Dec 2025,5,2025-12-08,23,Tue,2,290,False,False
2025-12-10,2025,Q4 2025,2025-12-01,Dec 2025,5,2025-12-08,23,Wed,3,289,False,False
2025-12-11,2025,Q4 2025,2025-12-01,Dec 2025,5,2025-12-08,23,Thu,4,288,False,False
2025-12-12,2025,Q4 2025,2025-12-01,Dec 2025,5,2025-12-08,23,Fri,5,287,False,False
2025-12-13,2025,Q4 2025,2025-12-01,Dec 2025,5,2025-12-08,23,Sat,6,286,False,False
2025-12-14,2025,Q4 2025,2025-12-01,Dec 2025,5,2025-12-08,23,Sun,7,285,False,False
2025-12-15,2025,Q4 2025,2025-12-01,Dec 2025,5,2025-12-15,24,Mon,1,284,False,False
2025-12-16,2025,Q4 2025,2025-12-01,Dec 2025,5,2025-12-15,24,Tue,2,283,False,False
2025-12-17,2025,Q4 2025,2025-12-01,Dec 2025,5,2025-12-15,24,Wed,3,282,False,False
2025-12-18,2025,Q4 2025,2025-12-01,Dec 2025,5,2025-12-15,24,Thu,4,281,False,False
2025-12-19,2025,Q4 2025,2025-12-01,Dec 2025,5,2025-12-15,24,Fri,5,280,False,False
2025-12-20,2025,Q4 2025,2025-12-01,Dec 2025,5,2025-12-15,24,Sat,6,279,False,False
2025-12-21,2025,Q4 2025,2025-12-01,Dec 2025,5,2025-12-15,24,Sun,7,278,False,False
2025-12-22,2025,Q4 2025,2025-12-01,Dec 2025,5,2025-12-22,25,Mon,1,277,False,False
2025-12-23,2025,Q4 2025,2025-12-01,Dec 2025,5,2025-12-22,25,Tue,2,276,False,False
2025-12-24,2025,Q4 2025,2025-12-01,Dec 2025,5,2025-12-22,25,Wed,3,275,False,False
2025-12-25,2025,Q4 2025,2025-12-01,Dec 2025,5,2025-12-22,25,Thu,4,274,False,False
2025-12-26,2025,Q4 2025,2025-12-01,Dec 2025,5,2025-12-22,25,Fri,5,273,False,False
2025-12-27,2025,Q4 2025,2025-12-01,Dec 2025,5,2025-12-22,25,Sat,6,272,False,False
2025-12-28,2025,Q4 2025,2025-12-01,Dec 2025,5,2025-12-22,25,Sun,7,271,False,False
2025-12-29,2025,Q4 2025,2025-12-01,Dec 2025,5,2025-12-29,26,Mon,1,270,False,False
2025-12-30,2025,Q4 2025,2025-12-01,Dec 2025,5,2025-12-29,26,Tue,2,269,False,False
2025-12-31,2025,Q4 2025,2025-12-01,Dec 2025,5,2025-12-29,26,Wed,3,268,False,False
2026-01-01,2026,Q1 2026,2026-01-01,Jan 2026,6,2025-12-29,26,Thu,4,267,False,False
2026-01-02,2026,Q1 2026,2026-01-01,Jan 2026,6,2025-12-29,26,Fri,5,266,False,False
2026-01-03,2026,Q1 2026,2026-01-01,Jan 2026,6,2025-12-29,26,Sat,6,265,False,False
2026-01-04,2026,Q1 2026,2026-01-01,Jan 2026,6,2025-12-29,26,Sun,7,264,False,False
2026-01-05,2026,Q1 2026,2026-01-01,Jan 2026,6,2026-01-05,27,Mon,1,263,False,False
2026-01-06,2026,Q1 2026,2026-01-01,Jan 2026,6,2026-01-05,27,Tue,2,262,False,False
2026-01-07,2026,Q1 2026,2026-01-01,Jan 2026,6,2026-01-05,27,Wed,3,261,False,False
2026-01-08,2026,Q1 2026,2026-01-01,Jan 2026,6,2026-01-05,27,Thu,4,260,False,False
2026-01-09,2026,Q1 2026,2026-01-01,Jan 2026,6,2026-01-05,27,Fri,5,259,False,False
2026-01-10,2026,Q1 2026,2026-01-01,Jan 2026,6,2026-01-05,27,Sat,6,258,False,False
2026-01-11,2026,Q1 2026,2026-01-01,Jan 2026,6,2026-01-05,27,Sun,7,257,False,False
2026-01-12,2026,Q1 2026,2026-01-01,Jan 2026,6,2026-01-12,28,Mon,1,256,False,False
2026-01-13,2026,Q1 2026,2026-01-01,Jan 2026,6,2026-01-12,28,Tue,2,255,False,False
2026-01-14,2026,Q1 2026,2026-01-01,Jan 2026,6,2026-01-12,28,Wed,3,254,False,False
2026-01-15,2026,Q1 2026,2026-01-01,Jan 2026,6,2026-01-12,28,Thu,4,253,False,False
2026-01-16,2026,Q1 2026,2026-01-01,Jan 2026,6,2026-01-12,28,Fri,5,252,False,False
2026-01-17,2026,Q1 2026,2026-01-01,Jan 2026,6,2026-01-12,28,Sat,6,251,False,False
2026-01-18,2026,Q1 2026,2026-01-01,Jan 2026,6,2026-01-12,28,Sun,7,250,False,False
2026-01-19,2026,Q1 2026,2026-01-01,Jan 2026,6,2026-01-19,29,Mon,1,249,False,False
2026-01-20,2026,Q1 2026,2026-01-01,Jan 2026,6,2026-01-19,29,Tue,2,248,False,False
2026-01-21,2026,Q1 2026,2026-01-01,Jan 2026,6,2026-01-19,29,Wed,3,247,False,False
2026-01-22,2026,Q1 2026,2026-01-01,Jan 2026,6,2026-01-19,29,Thu,4,246,False,False
2026-01-23,2026,Q1 2026,2026-01-01,Jan 2026,6,2026-01-19,29,Fri,5,245,False,False
2026-01-24,2026,Q1 2026,2026-01-01,Jan 2026,6,2026-01-19,29,Sat,6,244,False,False
2026-01-25,2026,Q1 2026,2026-01-01,Jan 2026,6,2026-01-19,29,Sun,7,243,False,False
2026-01-26,2026,Q1 2026,2026-01-01,Jan 2026,6,2026-01-26,30,Mon,1,242,False,False
2026-01-27,2026,Q1 2026,2026-01-01,Jan 2026,6,2026-01-26,30,Tue,2,241,False,False
2026-01-28,2026,Q1 2026,2026-01-01,Jan 2026,6,2026-01-26,30,Wed,3,240,False,False
2026-01-29,2026,Q1 2026,2026-01-01,Jan 2026,6,2026-01-26,30,Thu,4,239,False,False
2026-01-30,2026,Q1 2026,2026-01-01,Jan 2026,6,2026-01-26,30,Fri,5,238,False,False
2026-01-31,2026,Q1 2026,2026-01-01,Jan 2026,6,2026-01-26,30,Sat,6,237,False,False
2026-02-01,2026,Q1 2026,2026-02-01,Feb 2026,7,2026-01-26,30,Sun,7,236,False,False
2026-02-02,2026,Q1 2026,2026-02-01,Feb 2026,7,2026-02-02,31,Mon,1,235,False,False
2026-02-03,2026,Q1 2026,2026-02-01,Feb 2026,7,2026-02-02,31,Tue,2,234,False,False
2026-02-04,2026,Q1 2026,2026-02-01,Feb 2026,7,2026-02-02,31,Wed,3,233,False,False
2026-02-05,2026,Q1 2026,2026-02-01,Feb 2026,7,2026-02-02,31,Thu,4,232,False,False
2026-02-06,2026,Q1 2026,2026-02-01,Feb 2026,7,2026-02-02,31,Fri,5,231,False,False
2026-02-07,2026,Q1 2026,2026-02-01,Feb 2026,7,2026-02-02,31,Sat,6,230,False,False
2026-02-08,2026,Q1 2026,2026-02-01,Feb 2026,7,2026-02-02,31,Sun,7,229,False,False
2026-02-09,2026,Q1 2026,2026-02-01,Feb 2026,7,2026-02-09,32,Mon,1,228,False,False
2026-02-10,2026,Q1 2026,2026-02-01,Feb 2026,7,2026-02-09,32,Tue,2,227,False,False
2026-02-11,2026,Q1 2026,2026-02-01,Feb 2026,7,2026-02-09,32,Wed,3,226,False,False
2026-02-12,2026,Q1 2026,2026-02-01,Feb 2026,7,2026-02-09,32,Thu,4,225,False,False
2026-02-13,2026,Q1 2026,2026-02-01,Feb 2026,7,2026-02-09,32,Fri,5,224,False,False
2026-02-14,2026,Q1 2026,2026-02-01,Feb 2026,7,2026-02-09,32,Sat,6,223,False,False
2026-02-15,2026,Q1 2026,2026-02-01,Feb 2026,7,2026-02-09,32,Sun,7,222,False,False
2026-02-16,2026,Q1 2026,2026-02-01,Feb 2026,7,2026-02-16,33,Mon,1,221,False,False
2026-02-17,2026,Q1 2026,2026-02-01,Feb 2026,7,2026-02-16,33,Tue,2,220,False,False
2026-02-18,2026,Q1 2026,2026-02-01,Feb 2026,7,2026-02-16,33,Wed,3,219,False,False
2026-02-19,2026,Q1 2026,2026-02-01,Feb 2026,7,2026-02-16,33,Thu,4,218,False,False
2026-02-20,2026,Q1 2026,2026-02-01,Feb 2026,7,2026-02-16,33,Fri,5,217,False,False
2026-02-21,2026,Q1 2026,2026-02-01,Feb 2026,7,2026-02-16,33,Sat,6,216,False,False
2026-02-22,2026,Q1 2026,2026-02-01,Feb 2026,7,2026-02-16,33,Sun,7,215,False,False
2026-02-23,2026,Q1 2026,2026-02-01,Feb 2026,7,2026-02-23,34,Mon,1,214,False,False
2026-02-24,2026,Q1 2026,2026-02-01,Feb 2026,7,2026-02-23,34,Tue,2,213,False,False
2026-02-25,2026,Q1 2026,2026-02-01,Feb 2026,7,2026-02-23,34,Wed,3,212,False,False
2026-02-26,2026,Q1 2026,2026-02-01,Feb 2026,7,2026-02-23,34,Thu,4,211,False,False
2026-02-27,2026,Q1 2026,2026-02-01,Feb 2026,7,2026-02-23,34,Fri,5,210,False,False
2026-02-28,2026,Q1 2026,2026-02-01,Feb 2026,7,2026-02-23,34,Sat,6,209,False,False
2026-03-01,2026,Q1 2026,2026-03-01,Mar 2026,8,2026-02-23,34,Sun,7,208,False,False
2026-03-02,2026,Q1 2026,2026-03-01,Mar 2026,8,2026-03-02,35,Mon,1,207,False,False
2026-03-03,2026,Q1 2026,2026-03-01,Mar 2026,8,2026-03-02,35,Tue,2,206,False,False
2026-03-04,2026,Q1 2026,2026-03-01,Mar 2026,8,2026-03-02,35,Wed,3,205,False,False
2026-03-05,2026,Q1 2026,2026-03-01,Mar 2026,8,2026-03-02,35,Thu,4,204,False,False
2026-03-06,2026,Q1 2026,2026-03-01,Mar 2026,8,2026-03-02,35,Fri,5,203,False,False
2026-03-07,2026,Q1 2026,2026-03-01,Mar 2026,8,2026-03-02,35,Sat,6,202,False,False
2026-03-08,2026,Q1 2026,2026-03-01,Mar 2026,8,2026-03-02,35,Sun,7,201,False,False
2026-03-09,2026,Q1 2026,2026-03-01,Mar 2026,8,2026-03-09,36,Mon,1,200,False,False
2026-03-10,2026,Q1 2026,2026-03-01,Mar 2026,8,2026-03-09,36,Tue,2,199,False,False
2026-03-11,2026,Q1 2026,2026-03-01,Mar 2026,8,2026-03-09,36,Wed,3,198,False,False
2026-03-12,2026,Q1 2026,2026-03-01,Mar 2026,8,2026-03-09,36,Thu,4,197,False,False
2026-03-13,2026,Q1 2026,2026-03-01,Mar 2026,8,2026-03-09,36,Fri,5,196,False,False
2026-03-14,2026,Q1 2026,2026-03-01,Mar 2026,8,2026-03-09,36,Sat,6,195,False,False
2026-03-15,2026,Q1 2026,2026-03-01,Mar 2026,8,2026-03-09,36,Sun,7,194,False,False
2026-03-16,2026,Q1 2026,2026-03-01,Mar 2026,8,2026-03-16,37,Mon,1,193,False,False
2026-03-17,2026,Q1 2026,2026-03-01,Mar 2026,8,2026-03-16,37,Tue,2,192,False,False
2026-03-18,2026,Q1 2026,2026-03-01,Mar 2026,8,2026-03-16,37,Wed,3,191,False,False
2026-03-19,2026,Q1 2026,2026-03-01,Mar 2026,8,2026-03-16,37,Thu,4,190,False,False
2026-03-20,2026,Q1 2026,2026-03-01,Mar 2026,8,2026-03-16,37,Fri,5,189,False,False
2026-03-21,2026,Q1 2026,2026-03-01,Mar 2026,8,2026-03-16,37,Sat,6,188,False,False
2026-03-22,2026,Q1 2026,2026-03-01,Mar 2026,8,2026-03-16,37,Sun,7,187,False,False
2026-03-23,2026,Q1 2026,2026-03-01,Mar 2026,8,2026-03-23,38,Mon,1,186,False,False
2026-03-24,2026,Q1 2026,2026-03-01,Mar 2026,8,2026-03-23,38,Tue,2,185,False,False
2026-03-25,2026,Q1 2026,2026-03-01,Mar 2026,8,2026-03-23,38,Wed,3,184,False,False
2026-03-26,2026,Q1 2026,2026-03-01,Mar 2026,8,2026-03-23,38,Thu,4,183,False,False
2026-03-27,2026,Q1 2026,2026-03-01,Mar 2026,8,2026-03-23,38,Fri,5,182,False,False
2026-03-28,2026,Q1 2026,2026-03-01,Mar 2026,8,2026-03-23,38,Sat,6,181,False,False
2026-03-29,2026,Q1 2026,2026-03-01,Mar 2026,8,2026-03-23,38,Sun,7,180,False,False
2026-03-30,2026,Q1 2026,2026-03-01,Mar 2026,8,2026-03-30,39,Mon,1,179,False,False
2026-03-31,2026,Q1 2026,2026-03-01,Mar 2026,8,2026-03-30,39,Tue,2,178,False,False
2026-04-01,2026,Q2 2026,2026-04-01,Apr 2026,9,2026-03-30,39,Wed,3,177,False,False
2026-04-02,2026,Q2 2026,2026-04-01,Apr 2026,9,2026-03-30,39,Thu,4,176,False,False
2026-04-03,2026,Q2 2026,2026-04-01,Apr 2026,9,2026-03-30,39,Fri,5,175,False,False
2026-04-04,2026,Q2 2026,2026-04-01,Apr 2026,9,2026-03-30,39,Sat,6,174,False,False
2026-04-05,2026,Q2 2026,2026-04-01,Apr 2026,9,2026-03-30,39,Sun,7,173,False,False
2026-04-06,2026,Q2 2026,2026-04-01,Apr 2026,9,2026-04-06,40,Mon,1,172,False,False
2026-04-07,2026,Q2 2026,2026-04-01,Apr 2026,9,2026-04-06,40,Tue,2,171,False,False
2026-04-08,2026,Q2 2026,2026-04-01,Apr 2026,9,2026-04-06,40,Wed,3,170,False,False
2026-04-09,2026,Q2 2026,2026-04-01,Apr 2026,9,2026-04-06,40,Thu,4,169,False,False
2026-04-10,2026,Q2 2026,2026-04-01,Apr 2026,9,2026-04-06,40,Fri,5,168,False,False
2026-04-11,2026,Q2 2026,2026-04-01,Apr 2026,9,2026-04-06,40,Sat,6,167,False,False
2026-04-12,2026,Q2 2026,2026-04-01,Apr 2026,9,2026-04-06,40,Sun,7,166,False,False
2026-04-13,2026,Q2 2026,2026-04-01,Apr 2026,9,2026-04-13,41,Mon,1,165,False,False
2026-04-14,2026,Q2 2026,2026-04-01,Apr 2026,9,2026-04-13,41,Tue,2,164,False,False
2026-04-15,2026,Q2 2026,2026-04-01,Apr 2026,9,2026-04-13,41,Wed,3,163,False,False
2026-04-16,2026,Q2 2026,2026-04-01,Apr 2026,9,2026-04-13,41,Thu,4,162,False,False
2026-04-17,2026,Q2 2026,2026-04-01,Apr 2026,9,2026-04-13,41,Fri,5,161,False,False
2026-04-18,2026,Q2 2026,2026-04-01,Apr 2026,9,2026-04-13,41,Sat,6,160,False,False
2026-04-19,2026,Q2 2026,2026-04-01,Apr 2026,9,2026-04-13,41,Sun,7,159,False,False
2026-04-20,2026,Q2 2026,2026-04-01,Apr 2026,9,2026-04-20,42,Mon,1,158,False,False
2026-04-21,2026,Q2 2026,2026-04-01,Apr 2026,9,2026-04-20,42,Tue,2,157,False,False
2026-04-22,2026,Q2 2026,2026-04-01,Apr 2026,9,2026-04-20,42,Wed,3,156,False,False
2026-04-23,2026,Q2 2026,2026-04-01,Apr 2026,9,2026-04-20,42,Thu,4,155,False,False
2026-04-24,2026,Q2 2026,2026-04-01,Apr 2026,9,2026-04-20,42,Fri,5,154,False,False
2026-04-25,2026,Q2 2026,2026-04-01,Apr 2026,9,2026-04-20,42,Sat,6,153,False,False
2026-04-26,2026,Q2 2026,2026-04-01,Apr 2026,9,2026-04-20,42,Sun,7,152,False,False
2026-04-27,2026,Q2 2026,2026-04-01,Apr 2026,9,2026-04-27,43,Mon,1,151,False,False
2026-04-28,2026,Q2 2026,2026-04-01,Apr 2026,9,2026-04-27,43,Tue,2,150,False,False
2026-04-29,2026,Q2 2026,2026-04-01,Apr 2026,9,2026-04-27,43,Wed,3,149,False,False
2026-04-30,2026,Q2 2026,2026-04-01,Apr 2026,9,2026-04-27,43,Thu,4,148,False,False
2026-05-01,2026,Q2 2026,2026-05-01,May 2026,10,2026-04-27,43,Fri,5,147,False,False
2026-05-02,2026,Q2 2026,2026-05-01,May 2026,10,2026-04-27,43,Sat,6,146,False,False
2026-05-03,2026,Q2 2026,2026-05-01,May 2026,10,2026-04-27,43,Sun,7,145,False,False
2026-05-04,2026,Q2 2026,2026-05-01,May 2026,10,2026-05-04,44,Mon,1,144,False,False
2026-05-05,2026,Q2 2026,2026-05-01,May 2026,10,2026-05-04,44,Tue,2,143,False,False
2026-05-06,2026,Q2 2026,2026-05-01,May 2026,10,2026-05-04,44,Wed,3,142,False,False
2026-05-07,2026,Q2 2026,2026-05-01,May 2026,10,2026-05-04,44,Thu,4,141,False,False
2026-05-08,2026,Q2 2026,2026-05-01,May 2026,10,2026-05-04,44,Fri,5,140,False,False
2026-05-09,2026,Q2 2026,2026-05-01,May 2026,10,2026-05-04,44,Sat,6,139,False,False
2026-05-10,2026,Q2 2026,2026-05-01,May 2026,10,2026-05-04,44,Sun,7,138,False,False
2026-05-11,2026,Q2 2026,2026-05-01,May 2026,10,2026-05-11,45,Mon,1,137,False,False
2026-05-12,2026,Q2 2026,2026-05-01,May 2026,10,2026-05-11,45,Tue,2,136,False,False
2026-05-13,2026,Q2 2026,2026-05-01,May 2026,10,2026-05-11,45,Wed,3,135,False,False
2026-05-14,2026,Q2 2026,2026-05-01,May 2026,10,2026-05-11,45,Thu,4,134,False,False
2026-05-15,2026,Q2 2026,2026-05-01,May 2026,10,2026-05-11,45,Fri,5,133,False,False
2026-05-16,2026,Q2 2026,2026-05-01,May 2026,10,2026-05-11,45,Sat,6,132,False,False
2026-05-17,2026,Q2 2026,2026-05-01,May 2026,10,2026-05-11,45,Sun,7,131,False,False
2026-05-18,2026,Q2 2026,2026-05-01,May 2026,10,2026-05-18,46,Mon,1,130,False,False
2026-05-19,2026,Q2 2026,2026-05-01,May 2026,10,2026-05-18,46,Tue,2,129,False,False
2026-05-20,2026,Q2 2026,2026-05-01,May 2026,10,2026-05-18,46,Wed,3,128,False,False
2026-05-21,2026,Q2 2026,2026-05-01,May 2026,10,2026-05-18,46,Thu,4,127,False,False
2026-05-22,2026,Q2 2026,2026-05-01,May 2026,10,2026-05-18,46,Fri,5,126,False,False
2026-05-23,2026,Q2 2026,2026-05-01,May 2026,10,2026-05-18,46,Sat,6,125,False,False
2026-05-24,2026,Q2 2026,2026-05-01,May 2026,10,2026-05-18,46,Sun,7,124,False,False
2026-05-25,2026,Q2 2026,2026-05-01,May 2026,10,2026-05-25,47,Mon,1,123,False,False
2026-05-26,2026,Q2 2026,2026-05-01,May 2026,10,2026-05-25,47,Tue,2,122,False,False
2026-05-27,2026,Q2 2026,2026-05-01,May 2026,10,2026-05-25,47,Wed,3,121,False,False
2026-05-28,2026,Q2 2026,2026-05-01,May 2026,10,2026-05-25,47,Thu,4,120,False,False
2026-05-29,2026,Q2 2026,2026-05-01,May 2026,10,2026-05-25,47,Fri,5,119,False,False
2026-05-30,2026,Q2 2026,2026-05-01,May 2026,10,2026-05-25,47,Sat,6,118,False,False
2026-05-31,2026,Q2 2026,2026-05-01,May 2026,10,2026-05-25,47,Sun,7,117,False,False
2026-06-01,2026,Q2 2026,2026-06-01,Jun 2026,11,2026-06-01,48,Mon,1,116,False,False
2026-06-02,2026,Q2 2026,2026-06-01,Jun 2026,11,2026-06-01,48,Tue,2,115,False,False
2026-06-03,2026,Q2 2026,2026-06-01,Jun 2026,11,2026-06-01,48,Wed,3,114,False,False
2026-06-04,2026,Q2 2026,2026-06-01,Jun 2026,11,2026-06-01,48,Thu,4,113,False,False
2026-06-05,2026,Q2 2026,2026-06-01,Jun 2026,11,2026-06-01,48,Fri,5,112,False,False
2026-06-06,2026,Q2 2026,2026-06-01,Jun 2026,11,2026-06-01,48,Sat,6,111,False,False
2026-06-07,2026,Q2 2026,2026-06-01,Jun 2026,11,2026-06-01,48,Sun,7,110,False,False
2026-06-08,2026,Q2 2026,2026-06-01,Jun 2026,11,2026-06-08,49,Mon,1,109,False,False
2026-06-09,2026,Q2 2026,2026-06-01,Jun 2026,11,2026-06-08,49,Tue,2,108,False,False
2026-06-10,2026,Q2 2026,2026-06-01,Jun 2026,11,2026-06-08,49,Wed,3,107,False,False
2026-06-11,2026,Q2 2026,2026-06-01,Jun 2026,11,2026-06-08,49,Thu,4,106,False,False
2026-06-12,2026,Q2 2026,2026-06-01,Jun 2026,11,2026-06-08,49,Fri,5,105,False,False
2026-06-13,2026,Q2 2026,2026-06-01,Jun 2026,11,2026-06-08,49,Sat,6,104,False,False
2026-06-14,2026,Q2 2026,2026-06-01,Jun 2026,11,2026-06-08,49,Sun,7,103,False,False
2026-06-15,2026,Q2 2026,2026-06-01,Jun 2026,11,2026-06-15,50,Mon,1,102,False,False
2026-06-16,2026,Q2 2026,2026-06-01,Jun 2026,11,2026-06-15,50,Tue,2,101,False,False
2026-06-17,2026,Q2 2026,2026-06-01,Jun 2026,11,2026-06-15,50,Wed,3,100,False,False
2026-06-18,2026,Q2 2026,2026-06-01,Jun 2026,11,2026-06-15,50,Thu,4,99,False,False
2026-06-19,2026,Q2 2026,2026-06-01,Jun 2026,11,2026-06-15,50,Fri,5,98,False,False
2026-06-20,2026,Q2 2026,2026-06-01,Jun 2026,11,2026-06-15,50,Sat,6,97,False,False
2026-06-21,2026,Q2 2026,2026-06-01,Jun 2026,11,2026-06-15,50,Sun,7,96,False,False
2026-06-22,2026,Q2 2026,2026-06-01,Jun 2026,11,2026-06-22,51,Mon,1,95,False,False
2026-06-23,2026,Q2 2026,2026-06-01,Jun 2026,11,2026-06-22,51,Tue,2,94,False,False
2026-06-24,2026,Q2 2026,2026-06-01,Jun 2026,11,2026-06-22,51,Wed,3,93,False,False
2026-06-25,2026,Q2 2026,2026-06-01,Jun 2026,11,2026-06-22,51,Thu,4,92,False,False
2026-06-26,2026,Q2 2026,2026-06-01,Jun 2026,11,2026-06-22,51,Fri,5,91,False,False
2026-06-27,2026,Q2 2026,2026-06-01,Jun 2026,11,2026-06-22,51,Sat,6,90,False,False
2026-06-28,2026,Q2 2026,2026-06-01,Jun 2026,11,2026-06-22,51,Sun,7,89,False,False
2026-06-29,2026,Q2 2026,2026-06-01,Jun 2026,11,2026-06-29,52,Mon,1,88,False,False
2026-06-30,2026,Q2 2026,2026-06-01,Jun 2026,11,2026-06-29,52,Tue,2,87,False,False
2026-07-01,2026,Q3 2026,2026-07-01,Jul 2026,12,2026-06-29,52,Wed,3,86,False,False
2026-07-02,2026,Q3 2026,2026-07-01,Jul 2026,12,2026-06-29,52,Thu,4,85,False,False
2026-07-03,2026,Q3 2026,2026-07-01,Jul 2026,12,2026-06-29,52,Fri,5,84,False,False
2026-07-04,2026,Q3 2026,2026-07-01,Jul 2026,12,2026-06-29,52,Sat,6,83,False,False
2026-07-05,2026,Q3 2026,2026-07-01,Jul 2026,12,2026-06-29,52,Sun,7,82,False,False
2026-07-06,2026,Q3 2026,2026-07-01,Jul 2026,12,2026-07-06,53,Mon,1,81,False,False
2026-07-07,2026,Q3 2026,2026-07-01,Jul 2026,12,2026-07-06,53,Tue,2,80,False,False
2026-07-08,2026,Q3 2026,2026-07-01,Jul 2026,12,2026-07-06,53,Wed,3,79,False,False
2026-07-09,2026,Q3 2026,2026-07-01,Jul 2026,12,2026-07-06,53,Thu,4,78,False,False
2026-07-10,2026,Q3 2026,2026-07-01,Jul 2026,12,2026-07-06,53,Fri,5,77,False,False
2026-07-11,2026,Q3 2026,2026-07-01,Jul 2026,12,2026-07-06,53,Sat,6,76,False,False
2026-07-12,2026,Q3 2026,2026-07-01,Jul 2026,12,2026-07-06,53,Sun,7,75,False,False
2026-07-13,2026,Q3 2026,2026-07-01,Jul 2026,12,2026-07-13,54,Mon,1,74,False,False
2026-07-14,2026,Q3 2026,2026-07-01,Jul 2026,12,2026-07-13,54,Tue,2,73,False,False
2026-07-15,2026,Q3 2026,2026-07-01,Jul 2026,12,2026-07-13,54,Wed,3,72,False,False
2026-07-16,2026,Q3 2026,2026-07-01,Jul 2026,12,2026-07-13,54,Thu,4,71,False,False
2026-07-17,2026,Q3 2026,2026-07-01,Jul 2026,12,2026-07-13,54,Fri,5,70,False,False
2026-07-18,2026,Q3 2026,2026-07-01,Jul 2026,12,2026-07-13,54,Sat,6,69,False,False
2026-07-19,2026,Q3 2026,2026-07-01,Jul 2026,12,2026-07-13,54,Sun,7,68,False,False
2026-07-20,2026,Q3 2026,2026-07-01,Jul 2026,12,2026-07-20,55,Mon,1,67,False,False
2026-07-21,2026,Q3 2026,2026-07-01,Jul 2026,12,2026-07-20,55,Tue,2,66,False,False
2026-07-22,2026,Q3 2026,2026-07-01,Jul 2026,12,2026-07-20,55,Wed,3,65,False,False
2026-07-23,2026,Q3 2026,2026-07-01,Jul 2026,12,2026-07-20,55,Thu,4,64,False,False
2026-07-24,2026,Q3 2026,2026-07-01,Jul 2026,12,2026-07-20,55,Fri,5,63,False,False
2026-07-25,2026,Q3 2026,2026-07-01,Jul 2026,12,2026-07-20,55,Sat,6,62,False,False
2026-07-26,2026,Q3 2026,2026-07-01,Jul 2026,12,2026-07-20,55,Sun,7,61,False,False
2026-07-27,2026,Q3 2026,2026-07-01,Jul 2026,12,2026-07-27,56,Mon,1,60,False,False
2026-07-28,2026,Q3 2026,2026-07-01,Jul 2026,12,2026-07-27,56,Tue,2,59,False,False
2026-07-29,2026,Q3 2026,2026-07-01,Jul 2026,12,2026-07-27,56,Wed,3,58,False,False
2026-07-30,2026,Q3 2026,2026-07-01,Jul 2026,12,2026-07-27,56,Thu,4,57,False,False
2026-07-31,2026,Q3 2026,2026-07-01,Jul 2026,12,2026-07-27,56,Fri,5,56,False,False
2026-08-01,2026,Q3 2026,2026-08-01,Aug 2026,13,2026-07-27,56,Sat,6,55,False,True
2026-08-02,2026,Q3 2026,2026-08-01,Aug 2026,13,2026-07-27,56,Sun,7,54,False,True
2026-08-03,2026,Q3 2026,2026-08-01,Aug 2026,13,2026-08-03,57,Mon,1,53,False,True
2026-08-04,2026,Q3 2026,2026-08-01,Aug 2026,13,2026-08-03,57,Tue,2,52,False,True
2026-08-05,2026,Q3 2026,2026-08-01,Aug 2026,13,2026-08-03,57,Wed,3,51,False,True
2026-08-06,2026,Q3 2026,2026-08-01,Aug 2026,13,2026-08-03,57,Thu,4,50,False,True
2026-08-07,2026,Q3 2026,2026-08-01,Aug 2026,13,2026-08-03,57,Fri,5,49,False,True
2026-08-08,2026,Q3 2026,2026-08-01,Aug 2026,13,2026-08-03,57,Sat,6,48,False,True
2026-08-09,2026,Q3 2026,2026-08-01,Aug 2026,13,2026-08-03,57,Sun,7,47,False,True
2026-08-10,2026,Q3 2026,2026-08-01,Aug 2026,13,2026-08-10,58,Mon,1,46,False,True
2026-08-11,2026,Q3 2026,2026-08-01,Aug 2026,13,2026-08-10,58,Tue,2,45,False,True
2026-08-12,2026,Q3 2026,2026-08-01,Aug 2026,13,2026-08-10,58,Wed,3,44,False,True
2026-08-13,2026,Q3 2026,2026-08-01,Aug 2026,13,2026-08-10,58,Thu,4,43,False,True
2026-08-14,2026,Q3 2026,2026-08-01,Aug 2026,13,2026-08-10,58,Fri,5,42,False,True
2026-08-15,2026,Q3 2026,2026-08-01,Aug 2026,13,2026-08-10,58,Sat,6,41,False,True
2026-08-16,2026,Q3 2026,2026-08-01,Aug 2026,13,2026-08-10,58,Sun,7,40,False,True
2026-08-17,2026,Q3 2026,2026-08-01,Aug 2026,13,2026-08-17,59,Mon,1,39,False,True
2026-08-18,2026,Q3 2026,2026-08-01,Aug 2026,13,2026-08-17,59,Tue,2,38,False,True
2026-08-19,2026,Q3 2026,2026-08-01,Aug 2026,13,2026-08-17,59,Wed,3,37,False,True
2026-08-20,2026,Q3 2026,2026-08-01,Aug 2026,13,2026-08-17,59,Thu,4,36,False,True
2026-08-21,2026,Q3 2026,2026-08-01,Aug 2026,13,2026-08-17,59,Fri,5,35,False,True
2026-08-22,2026,Q3 2026,2026-08-01,Aug 2026,13,2026-08-17,59,Sat,6,34,False,True
2026-08-23,2026,Q3 2026,2026-08-01,Aug 2026,13,2026-08-17,59,Sun,7,33,False,True
2026-08-24,2026,Q3 2026,2026-08-01,Aug 2026,13,2026-08-24,60,Mon,1,32,False,True
2026-08-25,2026,Q3 2026,2026-08-01,Aug 2026,13,2026-08-24,60,Tue,2,31,False,True
2026-08-26,2026,Q3 2026,2026-08-01,Aug 2026,13,2026-08-24,60,Wed,3,30,False,True
2026-08-27,2026,Q3 2026,2026-08-01,Aug 2026,13,2026-08-24,60,Thu,4,29,False,True
2026-08-28,2026,Q3 2026,2026-08-01,Aug 2026,13,2026-08-24,60,Fri,5,28,False,True
2026-08-29,2026,Q3 2026,2026-08-01,Aug 2026,13,2026-08-24,60,Sat,6,27,True,False
2026-08-30,2026,Q3 2026,2026-08-01,Aug 2026,13,2026-08-24,60,Sun,7,26,True,False
2026-08-31,2026,Q3 2026,2026-08-01,Aug 2026,13,2026-08-31,61,Mon,1,25,True,False
2026-09-01,2026,Q3 2026,2026-09-01,Sep 2026,14,2026-08-31,61,Tue,2,24,True,False
2026-09-02,2026,Q3 2026,2026-09-01,Sep 2026,14,2026-08-31,61,Wed,3,23,True,False
2026-09-03,2026,Q3 2026,2026-09-01,Sep 2026,14,2026-08-31,61,Thu,4,22,True,False
2026-09-04,2026,Q3 2026,2026-09-01,Sep 2026,14,2026-08-31,61,Fri,5,21,True,False
2026-09-05,2026,Q3 2026,2026-09-01,Sep 2026,14,2026-08-31,61,Sat,6,20,True,False
2026-09-06,2026,Q3 2026,2026-09-01,Sep 2026,14,2026-08-31,61,Sun,7,19,True,False
2026-09-07,2026,Q3 2026,2026-09-01,Sep 2026,14,2026-09-07,62,Mon,1,18,True,False
2026-09-08,2026,Q3 2026,2026-09-01,Sep 2026,14,2026-09-07,62,Tue,2,17,True,False
2026-09-09,2026,Q3 2026,2026-09-01,Sep 2026,14,2026-09-07,62,Wed,3,16,True,False
2026-09-10,2026,Q3 2026,2026-09-01,Sep 2026,14,2026-09-07,62,Thu,4,15,True,False
2026-09-11,2026,Q3 2026,2026-09-01,Sep 2026,14,2026-09-07,62,Fri,5,14,True,False
2026-09-12,2026,Q3 2026,2026-09-01,Sep 2026,14,2026-09-07,62,Sat,6,13,True,False
2026-09-13,2026,Q3 2026,2026-09-01,Sep 2026,14,2026-09-07,62,Sun,7,12,True,False
2026-09-14,2026,Q3 2026,2026-09-01,Sep 2026,14,2026-09-14,63,Mon,1,11,True,False
2026-09-15,2026,Q3 2026,2026-09-01,Sep 2026,14,2026-09-14,63,Tue,2,10,True,False
2026-09-16,2026,Q3 2026,2026-09-01,Sep 2026,14,2026-09-14,63,Wed,3,9,True,False
2026-09-17,2026,Q3 2026,2026-09-01,Sep 2026,14,2026-09-14,63,Thu,4,8,True,False
2026-09-18,2026,Q3 2026,2026-09-01,Sep 2026,14,2026-09-14,63,Fri,5,7,True,False
2026-09-19,2026,Q3 2026,2026-09-01,Sep 2026,14,2026-09-14,63,Sat,6,6,True,False
2026-09-20,2026,Q3 2026,2026-09-01,Sep 2026,14,2026-09-14,63,Sun,7,5,True,False
2026-09-21,2026,Q3 2026,2026-09-01,Sep 2026,14,2026-09-21,64,Mon,1,4,True,False
2026-09-22,2026,Q3 2026,2026-09-01,Sep 2026,14,2026-09-21,64,Tue,2,3,True,False
2026-09-23,2026,Q3 2026,2026-09-01,Sep 2026,14,2026-09-21,64,Wed,3,2,True,False
2026-09-24,2026,Q3 2026,2026-09-01,Sep 2026,14,2026-09-21,64,Thu,4,1,True,False
2026-09-25,2026,Q3 2026,2026-09-01,Sep 2026,14,2026-09-21,64,Fri,5,0,True,False
