day,spend_cents,leads,mqls,calls_booked,booked_cents,gross_collected_cents,refunds_cents,net_cash_cents
2026-06-08,0,4,0,0,0,0,0,0
2026-06-09,0,6,0,0,0,0,0,0
2026-06-10,0,6,1,0,0,0,0,0
2026-06-11,0,3,4,0,0,0,0,0
2026-06-12,0,4,3,0,0,0,0,0
2026-06-13,0,0,1,3,0,0,0,0
2026-06-14,0,3,1,0,0,0,0,0
2026-06-15,12261,1,0,1,0,0,0,0
2026-06-16,12371,3,1,1,0,0,0,0
2026-06-17,18779,0,1,0,0,0,0,0
2026-06-18,17223,2,2,0,0,0,0,0
2026-06-19,13816,2,0,0,0,0,0,0
2026-06-20,12261,0,2,0,0,0,0,0
2026-06-21,12371,3,1,0,120000,120000,0,120000
2026-06-22,18779,4,0,1,0,0,0,0
2026-06-23,17223,1,2,1,75000,75000,0,75000
2026-06-24,13816,1,3,0,0,0,0,0
2026-06-25,12261,2,0,1,0,0,0,0
2026-06-26,12371,5,0,2,0,0,0,0
2026-06-27,18779,0,0,0,0,0,0,0
2026-06-28,17223,3,1,0,0,0,0,0
2026-06-29,13816,0,0,0,0,0,0,0
2026-06-30,12261,0,1,0,0,0,0,0
2026-07-01,12371,4,0,0,0,0,0,0
2026-07-02,18779,3,0,0,0,0,0,0
2026-07-03,17223,1,2,0,55000,55000,0,55000
2026-07-04,13816,2,3,0,45000,45000,0,45000
2026-07-05,12261,3,0,2,0,0,0,0
2026-07-06,12371,4,0,2,0,0,0,0
2026-07-07,18779,2,2,0,0,0,0,0
2026-07-08,17223,6,1,0,0,0,0,0
2026-07-09,13816,5,1,1,0,0,0,0
2026-07-10,12261,2,2,1,0,0,0,0
2026-07-11,12371,3,2,0,0,0,0,0
2026-07-12,18779,1,0,1,0,0,10000,-10000
2026-07-13,17223,3,2,0,45000,45000,0,45000
2026-07-14,13816,3,1,0,160000,160000,0,160000
2026-07-15,12261,4,2,0,0,0,0,0
2026-07-16,12371,0,1,1,0,0,0,0
2026-07-17,18779,4,3,1,55000,55000,0,55000
2026-07-18,17223,3,0,0,0,0,0,0
2026-07-19,13816,3,1,1,0,0,0,0
2026-07-20,12261,4,1,0,0,0,0,0
2026-07-21,12371,4,1,1,0,0,10000,-10000
2026-07-22,18779,4,1,1,0,0,0,0
2026-07-23,17223,4,1,1,0,0,0,0
2026-07-24,13816,2,1,0,75000,75000,0,75000
2026-07-25,12261,5,0,0,85000,85000,0,85000
2026-07-26,12371,3,1,1,0,0,0,0
2026-07-27,18779,0,1,0,0,0,0,0
2026-07-28,17223,1,2,1,0,0,0,0
2026-07-29,13815,6,0,1,75000,75000,0,75000
2026-07-30,12260,1,0,2,65000,65000,0,65000
2026-07-31,12369,0,1,0,75000,75000,0,75000
2026-08-01,18777,6,1,0,0,0,0,0
2026-08-02,17221,8,0,1,0,0,0,0
2026-08-03,13814,0,3,0,65000,65000,0,65000
2026-08-04,12259,4,6,0,0,0,0,0
2026-08-05,12369,4,0,3,45000,45000,0,45000
2026-08-06,18777,5,2,5,0,0,0,0
2026-08-07,17221,0,3,0,85000,85000,0,85000
2026-08-08,13814,3,2,2,0,0,0,0
2026-08-09,12259,5,0,2,0,0,0,0
2026-08-10,12369,3,0,2,0,0,0,0
2026-08-11,18777,6,2,0,0,0,0,0
2026-08-12,17221,1,0,0,0,0,0,0
2026-08-13,13814,3,2,1,0,0,10000,-10000
2026-08-14,12259,2,1,0,295000,295000,0,295000
2026-08-15,12369,3,0,1,0,0,0,0
2026-08-16,18777,5,2,1,0,0,0,0
2026-08-17,17221,5,0,0,65000,65000,0,65000
2026-08-18,13814,1,1,1,85000,85000,0,85000
2026-08-19,12259,2,2,0,0,0,0,0
2026-08-20,12369,1,0,1,0,0,0,0
2026-08-21,18777,3,1,1,0,0,0,0
2026-08-22,17221,3,1,0,0,0,20000,-20000
2026-08-23,13814,2,0,1,0,0,0,0
2026-08-24,12259,4,2,1,0,0,0,0
2026-08-25,12369,3,2,0,0,0,0,0
2026-08-26,18777,4,2,1,0,0,0,0
2026-08-27,17221,2,0,2,0,0,0,0
2026-08-28,13814,3,2,2,55000,55000,0,55000
2026-08-29,12259,3,0,0,0,0,0,0
2026-08-30,12369,2,1,1,0,0,0,0
2026-08-31,18777,1,2,0,0,0,0,0
2026-09-01,17221,0,2,1,0,0,0,0
2026-09-02,13814,0,1,0,0,0,0,0
2026-09-03,12258,0,0,1,55000,55000,0,55000
2026-09-04,12368,0,0,1,75000,75000,0,75000
2026-09-05,18776,0,0,0,0,0,0,0
2026-09-06,17220,0,0,0,0,0,0,0
2026-09-07,13813,0,0,0,0,0,0,0
2026-09-08,12258,0,0,0,0,0,0,0
2026-09-09,12368,0,0,0,85000,85000,0,85000
2026-09-10,18776,0,0,0,0,0,0,0
2026-09-11,17220,0,0,0,65000,65000,0,65000
2026-09-12,13813,0,0,0,45000,45000,0,45000
2026-09-20,0,0,0,0,0,0,10000,-10000
