campaign_id,source,medium,spend_cents,leads,mqls,customers,net_cash_cents
linkedin_ceo_abm,linkedin,paid_social,9197296,581,256,53,54820000
google_brand_search,google,paid_search,3095072,1210,611,68,51265000
meta_prospecting_founder,meta,paid_social,15857171,3773,872,75,47425000
youtube_founder_guide,youtube,organic_video,0,1885,451,44,32690000
meta_retargeting_webinar,meta,paid_social,4208155,1297,465,43,26005000
google_nonbrand_growth,google,paid_search,9394809,1309,359,36,20910000
newsletter_weekly,newsletter,owned_email,0,1094,348,26,17190000
webinar_growth_os,webinar,event,0,368,153,23,14760000
partner_podcast,partner,referral,0,335,132,16,13810000
FB-Broad,FB,paid_social,4281152,1017,209,22,12660000
direct,direct,none,0,380,103,13,9630000
meta_broad_v17,meta,paid_social,2205650,965,77,2,340000
